{
    "transform": [
        [
            0.9974560141563416,
            -0.04235450178384781,
            0.05733782798051834,
            0.9560734629631042
        ],
        [
            -0.04235450178384781,
            0.2948493957519531,
            0.9546046257019043,
            -0.5115770101547241
        ],
        [
            -0.05733782798051834,
            -0.9546046257019043,
            0.2923054099082947,
            -0.022560879588127136
        ]
    ],
    "scale": 0.8060324678400693
}